post_id,instances,ocr,verdicts,text
0,"[(1593519481.0, 'ig')]",[],[],"('La Filarmonica de Paris vivenciando un bolero de M Ravel en una plataforma sobre el Sena por el levantamiento de la cuarentena', 'The Philharmonic de Paris experiencing a bolero by M Ravel on a platform over the Seine for the lifting of the quarantine', [('spa', 1.0)])"
1,"[(1620729739.0, 'ig')]","[('MOM\nImahalo\nPatriot news\n@Grahmptr\n...\n....\nJUST IN: US Census Bureau\nConfirms HUGE CONFLICT in\nTotal Number of Voters in\n2020 Election-More People\nVoted Than Reported in 2020\nCensus Data. there is a\ndiscrepancy of nearly four\nmillion votes', 'MOM\nImahalo\nPatriot news\n@Grahmptr\n...\n....\nJUST IN: US Census Bureau\nConfirms HUGE CONFLICT in\nTotal Number of Voters in\n2020 Election-More People\nVoted Than Reported in 2020\nCensus Data. there is a\ndiscrepancy of nearly four\nmillion votes', [('eng', 0.9305148124694824), ('fil', 0.03528721258044243)])]",['Partly False'],
2,"[(1585630842.0, 'fb')]",[],['False information'],"('AsÃ­ luce la Torre Latinoamericana de cdmx despuÃ©s de la declaratoria de #EmergenciaSanitaria\nLlegÃ³ la hora de #quedateencasa\nNo hagas reuniones\nno carnes asadas con tus amigos\nes #cuarentena\ntaggea a quienes no entienden!\n#covid19', ""This is what the CDMX Latin American Tower looks like after the declaration of #HealthEmergency\nIt's time to #stayhome\ndon't do meetings\nno roast beef with your friends\nit's #quarantine\nTag those who don't understand!\n#covid19"", [('spa', 1.0)])"
3,"[(1648580403.0, 'fb')]",[],['False information'],"('El hombre fingiÃ³ ser sordo y mudo durante 62 aÃ±os para evitar escuchar a su esposa.', 'The man pretended to be deaf and dumb for 62 years to avoid listening to his wife.', [('spa', 1.0)])"
4,"[(1515949200.0, 'fb')]",[],['Missing context'],"('A PESAR DE SUS LOGROS, ESTO NO ES NOTICIA.\nHa fallecido Gabriela Morreale de Castro: bioquÃ­mica, precursora de la detecciÃ³n precoz de hipotiroidismo congÃ©nito en reciÃ©n nacidos mediante la prueba del talÃ³n. La prensa ni lo menciona.', ""DESPITE HIS ACHIEVEMENTS, THIS IS NOT NEWS.\nGabriela Morreale de Castro has passed away: biochemist, precursor of the early detection of congenital hypothyroidism in newborns through the heel prick test. The press doesn't even mention it."", [('spa', 1.0)])"
5,"[(1656816124.0, 'fb')]",[],['Altered photo/video.'],"('ìŠ¤í˜ì¸ ë§ˆë“œë¦¬ë“œì—ì„œ ì—´ë¦° NATO ì •ìƒíšŒì˜. ìš°ì—°ì€ ì—†ë‹¤; ì´ ""ê¸°ê´´í•œ ì˜ˆìˆ ""ì˜ ë³¸ì§ˆì€ ë‹¹ì‹ ì—ê²Œ ë¬´ì—‡ì„ ë§í•´ì£¼ëŠ”ê°€?', 'NATO Summit in Madrid, Spain. There is no coincidence; What does the nature of this ""bizarre art"" tell you?', [('kor', 1.0)])"
6,"[(1608091401.0, 'fb')]",[],['False information'],"(""I'm old enough to remember when hydroxychloroquine was a kook theory from a kook president."", ""I'm old enough to remember when hydroxychloroquine was a kook theory from a kook president."", [('eng', 1.0)])"
7,"[(1645240405.0, 'fb')]",[],['False information'],"('<íŠ¸ëœìŠ¤íœ´ë¨¼ : ìœ ì „ìë³€í˜•, í•˜ì´ë¸Œë¦¬ë“œ ì¡ì¢…, ì¸ê°„ê°œì¡°>\n\nì½”ë¡œë‚˜ë°±ì‹  ì ‘ì¢…ì€ ì¸ë¥˜ì— ëŒ€í•œ ì²œì¸ê³µë¡œí•  ìœ ì „ìë³€í˜• ìƒì²´ì‹¤í—˜ì…ë‹ˆë‹¤', '<Transhuman: genetic modification, hybrid hybrid, human modification>\n\nCorona vaccine inoculation is a genetically modified biological experiment that will be a blessing to mankind', [('kor', 1.0)])"
8,"[(1612380187.0, 'fb'), (1612450113.0, 'fb'), (1604783176.0, 'fb')]","[('""La esclavitud\nnunca tiene tanto\nÃ©xito como\ncuando el esclavo\nestÃ¡ convencido\nde que es por su\npropio bien"" -\nAristÃ³teles', '""Slavery\nnever have so much\nsuccess as\nwhen the slave\nIs conviced\nthat it is for your\nown good"" -\nAristotle', [('spa', 0.891075074672699), ('por', 0.10892493277788162)])]",['False information'],
9,"[(1648956190.0, 'fb')]",[],['False information'],"('Eco edificio en Singapur ğŸ‡¸ğŸ‡¬ el primero en producir su propia electricidad con los mismos desechos del mismo edificio', 'Eco building in Singapore ğŸ‡¸ğŸ‡¬ the first to produce its own electricity with the same waste from the same building', [('spa', 1.0)])"
10,"[(1615191779.0, 'fb')]","[('ì´ëŸ°í•œì‹¬í•œìê°€ ëŒ€í†µë ¹ì´ë€ë‹¤.\në°˜ê³µë²•íì§€\nêµ­ì •ì›íì§€\ní•œë¯¸ë™ë§¹ë°˜ëŒ€\ní†µì¼ì—°ë°©ì œ\në¶ í•µì€ììœ„ì \nì‹ ë¯¸ì£¼ë‹¹\në¯¸ì¹˜ê´‘ì´ ê¹€ì •ì€ì˜ í•˜ìˆ˜ì¸.\nìˆëŠ” ëŒ€ìˆ˜ìˆ  9ì¼', ""This pathetic person is the president.\nabolition of anti-communist law\nabolition of the NIS\nOpposition to the US-Korea alliance\nunified federal system\nNorth Korea's nuclear weapons are self-defense\nShinmijudang\nThe minion of the madman Kim Jong-un.\n9 days of major surgery"", [('kor', 0.9596902132034302)])]",['False information'],
11,"[(1627798567.0, 'fb')]",[],['Partly false information'],"('ğŸ¯ë“œë””ì–´ StarBucks í•œêµ­ íƒˆì¶œâ— \nğŸ¯Star Bucks Koreaì˜ ì£¼ì‹ì„ ì „ëŸ‰ ë§¤ê°. \n1580ê°œ ì í¬ íì‡„. \nì „ì„¸ê³„ ë§¤ì¶œ 2ìœ„ í•œêµ­ì„ ë– ë‚œë‹¤â—', ""ğŸ¯Finally, StarBucks escaped from Koreaâ—\nğŸ¯Sell all stocks of Star Bucks Korea.\n1580 stores closed.\nLeaving Korea, the world's second-largest in sales"", [('kor', 1.0)])"
12,"[(1591848183.0, 'fb')]",[],['False information'],"('Hmmmm\n\n""THIS IS LOS ANGELES, CALIFORNIA. And they made us to believe that we can only find shanties & slums like this in Africa. This is what they hide from us until you go there and see for yourself...""', 'Hmmmm\n\n""THIS IS LOS ANGELES, CALIFORNIA. And they made us to believe that we can only find shanties & slums like this in Africa. This is what they hide from us until you go there and see for yourself...""', [('eng', 1.0)])"
13,"[(1634131174.0, 'fb')]","[('ì „ë¼ë„ì—ì„œë§Œ êµ­ê°€ìœ ê³µìê°€\n50ë§Œì´ë¼ë‹ˆ.ì´ê²Œ\në§ì´ë˜ë‚˜?ê¹€ëŒ€ì¤‘.ë…¸ë¬´í˜„ ì •ê¶Œí•˜ì—ì„œ\nêµ­ê°€ìœ ê³µìê¹Œì§€ í•˜ë©´\n70ë§Œëª…ì´ë‹¤.ì´ë“¤ ì§ê³„ê°€ì¡±ë“¤ ê¹Œì§€\ní˜œíƒì„ ë°›ìœ¼ë‹ˆ ê·¸ ìˆ˜ëŠ” ìƒìƒì„ ì´ˆì›”\ní•œë‹¤.103ë§Œ ê³µë¬´ì›ì¤‘ 60~70%ê°€\nì´ë“¤ ìœ ê³µìë“¤ì´ë‹¤.ì œë„ ì •ë¹„ê°€\nì‹œê¸‰í•˜ë‹¤.', 'Only in Jeolla Province, people of national merit\n500,000. This is\nDoes it make sense? Under the Kim Dae-jung and Roh Moo-hyun regimes\nEven national merit\n700,000 people, including their immediate family\nThe number of benefits is beyond imagination\n60~70% of 10.03 million civil servants\nThese are the people of merit.\nurgent', [('kor', 1.0)])]",['False information'],
14,"[(1657414536.0, 'fb')]","[('ìƒˆë¡œìš´ ì¡°ì§€ì•„ê°€ì´ë“œìŠ¤í†¤ì´ ì„¸ì›Œì¡Œì–´ìš”!!!\nìœ ì—”ë‰´ìŠ¤\nìŠ¹ì¸ 2022.07.08 22:45 | ìµœì¢… ìˆ˜ì • 2022.07.08 23:06\nìë£Œ:SpecialQForces sQuad\nThat new Georgia Guidestone is PERFECTO!!!\nê·¸ ìƒˆë¡œìš´ ì¡°ì§€ì•„ ê°€ì´ë“œìŠ¤í†¤ì€ ì™„ë²½í•´!!!\nì—¬ëŸ¬ë¶„ì€ ì–´ë–»ê²Œ ìƒê°í•˜ì‹­ë‹ˆê¹Œ??\nì˜ê²¬ 0\nUNNEWS', 'A new Georgia guidestone has been established!!!\nUN News\nApproval 2022.07.08 22:45 | Last modified 2022.07.08 23:06\nMaterial:SpecialQForces sQuad\nThat new Georgia Guidestone is PERFECTO!!!\nThat new Georgia guidestone is perfect!!!\nWhat do you think??\n0 comments\nUNNEWS', [('kor', 0.6971482634544373), ('eng', 0.2676151394844055)])]",['False information'],"('ì—¬ëŸ¬ë¶„ì€ ì–´ë–»ê²Œ ìƒê°í•˜ì‹­ë‹ˆê¹Œ?\nì €ëŠ” ì„¬ì¹«í•˜ë„¤ìš”\ní™©ê¸ˆ ìµœê³ ì˜ í‰í™”ì‹œëŒ€ê°€ ì ì‹œì˜¤êµ¬\nê·¸ ë’¤ì—ëŠ” ì •ë§ ë¬´ì„œìš´ \në‹¨ì¼í™” ã†ìš°ìƒì‹œëŒ€ê°€ ì˜¨ë‹¤ëŠ”ê²Œ\në§ëŠ”ê²ƒ ê°™ìœ¼ë„¤ìš”', ""What do you think?\nI'm terrified\nThe golden age of best peace is coming soon\nafter that it's really scary\nUnification ã†The age of idols is coming\nI guess that's right"", [('kor', 1.0)])"
15,"[(1571672166.0, 'tw')]",[],[],"('Avion de lufthansa, se accideneta al querer aterrizar, la astucia del piloto evitÃ¡ que ocurra una gran tragedia', 'Lufthansa plane, crashes when trying to land, the cunning of the pilot prevents a great tragedy from happening', [('spa', 1.0)])"
16,"[(None, 'fb')]",[],[],"('18 people have died in the power tools accident today at Milemi few kilometers from Kasama today at 16hrs.', '18 people have died in the power tools accident today at Milemi few kilometers from Kasama today at 16hrs.', [('eng', 1.0)])"
17,"[(1616552850.0, 'fb'), (1616552973.0, 'fb'), (1616493207.0, 'fb')]","[('ì½œì˜¤ë‚˜ëŠ” ë…ê°ë³´ë‹¤ ì•½í•œ\nê°ê¸°ë°”ì´ëŸ¬ìŠ¤ë‹¤.\nëŒ€ë‹¤ìˆ˜ ê±´ê°•í•œ êµ­ë¯¼ì€\nìì—°ë©´ì—­ë ¥ìœ¼ë¡œ ì¹˜ìœ ê°€\nê°€ëŠ¥í•˜ë¯€ë¡œ ì½œì˜¤ë‚˜ë°±ì‹ ì„\në§ì„ í•„ìš”ê°€ ì—†ë‹¤.\nì½œì˜¤ë‚˜ëŠ”\nìƒê¸°ë„ë°”ì´ëŸ¬ìŠ¤ì´ë¯€ë¡œ\në°±ì‹ ìœ¼ë¡œ í˜ˆì•¡ ì†ì— ë§Œë“ \nì¸ê³µì ì¸ í•­ì²´ì™€ ë§Œë‚  ìˆ˜ê°€\nì—†ì–´ ì§‘ë‹¨ë©´ì—­ì€\në¶ˆê°€ëŠ¥í•˜ë‹¤.\në°±ì‹ ì ‘ì¢…ì˜ ì´ìµì´ ë¶€ì‘ìš©\ní”¼í•´ë³´ë‹¤ í¬ë‹¤ëŠ” ì£¼ì¥ì€\nê³¼í•™ì ì¸ ê·¼ê±°ê°€ ìˆë‚˜?', 'Kolona is weaker than the flu\na cold virus\nMost healthy people\nHealing with natural immunity\nBecause it is possible, the Kolona vaccine\nno need to be right\nCallona\nBecause upper respiratory tract virus\nmade in the blood as a vaccine\nencounter with artificial antibodies\nNo herd immunity\nimpossible.\nVaccination benefits and side effects\nclaim that the damage is greater than\nIs there any scientific basis?', [('kor', 0.971153974533081)])]",['False information'],
18,"[(1657223333.0, 'fb'), (1654696172.0, 'fb')]",[],['False information.'],"('PRASA is hiring for fixing of railway lines from Soweto to Johannesburg. Take your certified ID copy and Original ID book to Johannesburg Park Station, Prasa Offices. Kindly plug others.', 'PRASA is hiring for fixing of railway lines from Soweto to Johannesburg. Take your certified ID copy and Original ID book to Johannesburg Park Station, Prasa Offices. Kindly plug others.', [('eng', 1.0)])"
19,"[(1596635492.0, 'fb')]",[],['False information'],"('Vehicle suspension testing machine installed successfully by BMC in MUMBAI..\nWHAT AN AMAZING TECHNOLOGY ... ğŸ‘‡', 'Vehicle suspension testing machine installed successfully by BMC in MUMBAI..\nWHAT AN AMAZING TECHNOLOGY ... ğŸ‘‡', [('eng', 1.0)])"
20,"[(1615337789.0, 'fb')]","[('í˜ˆì•• ì •ìƒìˆ˜ì¹˜\n140/100\n(mmHg)\nWHO ì„±ì¸ í˜ˆì•• ê¶Œê³ ì¹˜ ì…ë‹ˆë‹¤\ní•œêµ­ë§Œ 120/80....ì•½ íŒ”ì•„ ë¨¹ê¸°ìœ„í•´\nì˜ì‚¬í˜‘íšŒì˜ ì••ë ¥ì´ ì´ë ‡ê²Œ ë§‰ê°• í•©ë‹ˆë‹¤', 'normal blood pressure\n140/100\n(mmHg)\nWHO recommendations for adult blood pressure\nOnly in Korea 120/80....To sell medicine\nThe pressure of the medical association is so strong', [('kor', 0.808708131313324), ('eng', 0.08710715919733047)])]",['False information'],
21,"[(1634160304.0, 'fb')]",[],['Altered photo'],"('ê°™ì€ ê¹€ì •ì€ìœ¼ë¡œ ë³´ì´ì§€ ì•ŠëŠ”ë°.. ì§€ê¸ˆì€ ì„¸ìƒì—ì„œ ì¼ì–´ë‚˜ëŠ” ì¼ë“¤ì´ ë§ˆì¹˜ ì—°ê·¹ì´ë‚˜ ì˜í™”ë¥¼ ë³´ëŠ”ê²ƒ ê°™ë‹¤', ""It doesn't look like the same Kim Jong-un, but what's happening in the world right now is like watching a play or a movie."", [('kor', 1.0)])"
22,"[(1647795974.0, 'fb')]",[],['False information'],"('ìš°ë¦¬ëŠ” ë°±ì‹  ìº í˜ì¸ ì´í›„ ì“°ëŸ¬ì§€ëŠ” ì—¬ëŸ¬ ìŠ¤í¬ì¸ ë§¨, ê¸°ì, ì¸í„°ë·°ë¥¼ ë³´ì•˜ìŠµë‹ˆë‹¤.\n ë¬¼ë¡  ìš°ë¦¬ëŠ” ì‹¤ì œë¡œ ì¹´ë©”ë¼ ì•ì— ìˆëŠ” ì¥ë©´ë§Œ ë³¼ ìˆ˜ ìˆìŠµë‹ˆë‹¤.\n\n ë” ë‚˜ìœ ê²ƒì€ ë‹¤ë¥¸ ì‚¬ëŒë“¤ì˜ ì‚¶ì„ ì±…ì„ì§€ëŠ” ì‚¬ëŒë“¤ì—ê²Œ ì¼ì–´ë‚  ë•Œì…ë‹ˆë‹¤ ...', ""We've seen several sportsmen, journalists, and interviews fall apart after the vaccine campaign.\n Of course, we can only see the scene that is actually in front of the camera.\n\n Even worse is when it happens to those who take responsibility for the lives of others..."", [('kor', 1.0)])"
23,"[(1625899875.0, 'fb')]",[],['Partly false information'],"('Se acuerdan cuando decÃ­an que los autos elÃ©ctricos eran relativamente mÃ¡s ecolÃ³gicos?\n\nAhora es hermoso verlos crecer libres en la naturaleza ğŸ¤—', ""Remember when they said that electric cars were relatively more ecological?\n\nNow it's beautiful to see them grow free in nature ğŸ¤—"", [('spa', 1.0)])"
24,"[(1648054763.0, 'tw')]",[],[],"('@POTUS This is a live shot of The White House today. The trees are mostly bare and the weather is overcast. \n\nYour administration is a propaganda machine spreading misinformation. \n\nEverything you do and say is a lie.', '@POTUS This is a live shot of The White House today. The trees are mostly bare and the weather is overcast. \n\nYour administration is a propaganda machine spreading misinformation. \n\nEverything you do and say is a lie.', [('eng', 1.0)])"
25,"[(1657154221.0, 'fb')]",[],['False information'],"('UN ATAQUE DE AVISPONES...TENGO ENTENDIDO ES EN LOS ESTADOS UNIDOS.   OJO.\nCUANDO HAYA UN PANAL HAY QUE MANTENER LA CALMA.  LOS RUIDOS Y MOVIMIENTOS BRUSCOS LAS ALTERAN.', 'A HORNET ATTACK...I UNDERSTAND IT IS IN THE UNITED STATES. EYE.\nWHEN THERE IS A HONEYCOMB YOU HAVE TO KEEP CALM. THE NOISES AND SURPRISING MOVEMENTS ALTER THEM.', [('spa', 1.0)])"
26,"[(1621922036.0, 'fb')]",[],['False information'],"('ë‚¨ì˜ê²ƒ ëºì–´ê°€ì„œ ê°€ì§œ ìœ ì ì§€ë¥¼ ë§Œë“¤ê³  ìš°ë¦¬ë‚˜ë¼ ì§„ì§œ ìœ ì ì§€ëŠ” ì¥ë‚œê°ìœ¼ë¡œ ë®ìœ¼ë ¤í•˜ëŠ” ë§í• ë†ˆë“¤!!', ""Damn people who take other people's things and make fake ruins and cover up real ruins in Korea with toys!!"", [('kor', 1.0)])"
27,"[(1646032311.0, 'fb'), (1646032334.0, 'fb')]",[],['False information'],"('Un piloto ucraniano denominado el fantasma de Kiev  combatiendo y esquivando el ataque ruso  el hÃ©roe que derivo 6 aviones ruso \n amÃ©n para ese valiente piloto ğŸ™ğŸ™ğŸ™ğŸ™ğŸ™', 'A Ukrainian pilot called the ghost of kyiv fighting and dodging the Russian attack the hero who drifted 6 Russian planes\n amen for that brave pilot ğŸ™ğŸ™ğŸ™ğŸ™ğŸ™', [('spa', 1.0)])"
28,"[(1599651574.0, 'fb')]",[],['False information'],"('ì´íƒœë¦¬ ì˜ì‚¬ì˜ ì½”ë¡œë‚˜ ê²€ì‚¬ì™€ ë°±ì‹ ì—ëŒ€í•œ \nê²½ê³ â€¼ï¸â€¼ï¸\n\nê¼¬ë¡œë†”ì£¼ì†¨ì•ˆë¼!ê²½ê³ ì•¼!ã‚³ãƒ­ãƒŠãƒ¯ã‚¯ãƒãƒ³ã‘è­¦å‘Š\n\nì¦‰ì‚­ì œê° ì˜ìƒì´ë¼ ë˜ ë‚´ ë†€ë°©ì˜ìƒì´ë‘ ì§¬ë½•í•´ì„œ \nì˜¬ë ¤ë†¨ì§€ìš©~ã…\n\nêµ¬ë…ê³¼ ì¢‹ì•„ìš” ì£¼ì„¸ìš©~ğŸ’•ğŸ’•', ""Italian doctors about coronavirus tests and vaccines\nWarningâ€¼ï¸â€¼ï¸\n\nDon't let it go! It's a warning! Coronawakchinkeè­¦å‘Š\n\nIt's a deleted video, so it's mixed with my playroom video.\nI uploaded it~\n\nPlease subscribe and like~ğŸ’•ğŸ’•"", [('kor', 1.0)])"
29,"[(1601298279.0, 'fb')]",[],['Partly false information'],"('Fake Cashewnuts, made in Kerala. Prepared by mixing maida and some chemicals, which gives the same taste of original cashew nuts cost per Kg is only Rs.300 to Rs.400.\nCreate awareness by sharing in your the groups', 'Fake Cashewnuts, made in Kerala. Prepared by mixing maida and some chemicals, which gives the same taste of original cashew nuts cost per Kg is only Rs.300 to Rs.400.\nCreate awareness by sharing in your the groups', [('eng', 1.0)])"
30,"[(1648089860.0, 'fb')]","[('[ì†ë³´] ì¼ë³¸ í›„ì¿ ì‹œë§ˆ ì›ì „\në¶‰ì€ í™”ì—¼ì— íœ©ì‹¸ì¸ ìƒí™©\ní˜„ì¬ìƒí™©\n""ì£½ê³ ì‹¶ì§€ ì•Šë‹¤ë©´ ì§€ê¸ˆ ë‹¹ì¥ ë„ë§ì³ì•¼í•œë‹¤â€\nê¸´ê¸‰ëŒ€í”¼ë ¹ ë‚´ë ¤ì§„ íì¿ ì‹œë§ˆ 7:34', '[Breaking News] Japan\'s Fukushima Nuclear Power Plant\nengulfed in red flames\ncurrent situation\n""If you don\'t want to die, you have to run away now.""\nHkushima, where an emergency evacuation order was issued 7:34', [('kor', 0.9320526123046875)])]",['Partly false information'],"('â˜…ê¸´ê¸‰] ì¼ë³¸ í›„ì¿ ì‹œë§ˆ ì›ì „ì—ì„œ í™”ì¬ ë°œìƒ...ì¼ë³¸ ì •ë¶€, ì£¼ë³€ ì§€ì—­ì— ê¸´ê¸‰ëŒ€í”¼ë ¹ ì„ í¬â˜…\n', 'â˜…Emergency] A fire breaks out at the Fukushima nuclear power plant in Japan...The Japanese government declares an emergency evacuation order in the surrounding areaâ˜…\n', [('kor', 1.0)])"
31,"[(1643717173.0, 'fb')]",[],['Missing context'],"('ë¡œì´í„°í†µì‹ ì— ë”°ë¥´ë©´ ì½”ì™€ëŠ” ì„ìƒ 3ìƒ ì‹œí—˜ ê²°ê³¼ ""ì´ë²„ë©•í‹´ì´ ì˜¤ë¯¸í¬ë¡  ë³€ì´ì— ëŒ€í•œ í•­ë°”ì´ëŸ¬ìŠ¤ íš¨ê³¼ê°€ ìˆë‹¤ëŠ” ê²ƒì„ í™•ì¸í–ˆë‹¤""ê³  31ì¼ ë°œí‘œí–ˆë‹¤.', 'According to Reuters, Kowa announced on the 31st that the results of the phase 3 clinical trial ""confirmed that ivermectin has an antiviral effect against omicron mutations.""', [('kor', 1.0)])"
32,"[(1610424636.0, 'fb')]",[],[],"('ğŸš¨ğŸš¨ğŸš¨ğŸš¨BREAKING NEWSğŸš¨ğŸš¨ğŸš¨ğŸš¨ğŸš¨\nEL PRESIDENTE TRUMP ACTIVA LA LEY DE INSURRECCIÃ“N. LOS MILITARES HAN TOMADO EL CONTROL. \n\nESTOS DÃAS ANTES DEL 20 DE ENERO SERÃN MUY FUERTES. YA COMENZARON LOS APAGONES EN VARIOS PAÃSES DEL MUNDO Y TAMBIÃ‰N LOS ARRESTOS.\n\nMR. ROMERO TV.', 'ğŸš¨ğŸš¨ğŸš¨ğŸš¨BREAKING NEWSğŸš¨ğŸš¨ğŸš¨ğŸš¨ğŸš¨\nPRESIDENT TRUMP ACTIVATES THE INSURRECTION LAW. THE MILITARY HAVE TAKEN CONTROL.\n\nTHESE DAYS BEFORE JANUARY 20 WILL BE VERY STRONG. THE BLACKOUTS HAVE ALREADY BEGUN IN SEVERAL COUNTRIES OF THE WORLD AND ALSO THE ARRESTS.\n\nMR. ROMEROTV.', [('spa', 1.0)])"
33,"[(1596341010.0, 'fb')]","[('Protest in Berlin today against the CV Lockdown and\ntyranny\nMSM says 20-25K protesters with most headlines\nsays ""thousands of people""...000\nAccording to police:\n800,000 to 1,300,000,000\nKELLER\n4444', 'Protest in Berlin today against the CV Lockdown and\ntyranny\nMSM says 20-25K protesters with most headlines\nsays ""thousands of people""...000\nAccording to police:\n800,000 to 1,300,000,000\nKELLER\n4444', [('eng', 0.9926390647888184)])]",['False information'],
34,"[(1614423140.0, 'fb')]",[],['False information'],"('Made in China masks are made of plastic, sprayed with chemicals and often contain RFID chips. (44 seconds) Single-use masks are typically made from polypropylene, a petrol fuel-derived plastic that can take hundreds of years to break down.', 'Made in China masks are made of plastic, sprayed with chemicals and often contain RFID chips. (44 seconds) Single-use masks are typically made from polypropylene, a petrol fuel-derived plastic that can take hundreds of years to break down.', [('eng', 1.0)])"
35,"[(1657679623.0, 'fb')]",[],['False information'],"('\u202aLas fuertes rÃ¡fagas de viento de la tormenta tropical #Hanna ocasionaron la caÃ­da de una parte del muro fronterizo entre Estados Unidos y MÃ©xico. \u202c', 'Strong gusts of wind from tropical storm #Hanna caused part of the border wall between the United States and Mexico to fall.', [('spa', 1.0)])"
36,"[(1629350087.0, 'fb')]","[('""Los Soldados y PolicÃ­as no\nestaban Secuestrados.\nEllos estaban Pagando CÃ¡rcel\nallÃ¡ en la Selva""\nFrancisco de Roux\nHÃ¡ganme el hp favor!', '""Soldiers and policemen do not\nThey were kidnapped.\nThey were paying jail\nthere in the jungle""\nFrancis of Roux\nDo me the hp please!', [('spa', 0.851275622844696), ('spa', 0.14872440695762634)])]",['Partly false information'],"('Este sacerdote izquierdozo , es uno de los integrantes de la comisiÃ³n de la verdad , segÃºn los acuerdos de la habana .', 'This leftist priest is one of the members of the truth commission , according to the Havana accords .', [('spa', 1.0)])"
37,"[(1613773263.0, 'fb')]",[],['False information'],"('ì½”ë¡œë‚˜ ë°”ì´ëŸ¬ìŠ¤ë¥¼ ì´ìš©í•œ ì •ë¶€ì˜ í†µì œì— ë°˜ë°œí•´ì„œ ì¼ì–´ë‚œ ë£¨ë§ˆë‹ˆì•„ êµ­ë¯¼ë“¤. êµ­ë¯¼ë“¤ì´ ì´ ì •ë„ë§Œ ê¹¨ì–´ìˆì–´ë„ ì¢‹ê² ë‹¤.', 'Romanians protested against government controls using the coronavirus. I wish people could just stay awake like this.', [('kor', 1.0)])"
38,"[(1610431026.0, 'fb')]","[('2021\nCTIVE\nì‚¬\nPONAR\n1044\në‹¤ìŒ ë‹¬ë¶€í„° ë°±ì‹  ì ‘ì¢… ì‹œì‘ì „ êµ­ë¯¼ ë¬´ë£Œ ì ‘ì¢…\në³´ê±´ ë³µì§€ë¶€.....10ë²ˆ ì „í™”í•´ ì–´ë–¤ ì¢…ë¥˜ì˜ ë°±ì‹  ì´ëƒê³ \nê³„ì† ì „í™” í–ˆë”ë‹ˆ....ì†”ì§íˆ ë‹µí•˜ë„¤ìš”\ní™”ì´ìâ€¤ëª¨ë°ë‚˜.ì•„ìŠ¤íŠ¸ë¼..........ì•„ë‹ˆê³ \në¬´ë£ŒëŠ” ì…€íŠ¸ë¦¬ì˜¨ ì´ë¼ê³ ', '2021\nCTIVE\nbuy\nPONAR\n1044\nFree vaccinations for the public before the start of vaccination starting next month\nMinistry of Health and Welfare.....Call 10 to find out what kind of vaccine\nI kept calling....I answer honestly.\nPfizer, Modena, Astra....not\nCelltrion for free', [('kor', 0.8895023465156555), ('eng', 0.028071150183677673)])]",['False information'],
39,"[(1629960123.0, 'fb')]",[],['Partly false information'],"('Ãšltimo momento\n\nDetectan el primer caso de la variante Lambda en MÃ©xico. \nExactamente fue en el estado de Colima.\nSe habla de que la variante Lambda es mas peligrosa que la variante Delta.', 'Last moment\n\nThey detect the first case of the Lambda variant in Mexico.\nIt was exactly in the state of Colima.\nIt is said that the Lambda variant is more dangerous than the Delta variant.', [('spa', 1.0)])"
40,"[(1613014349.0, 'fb')]",[],[],"('{ì†ë³´}ì´íƒˆë¦¬ì•„ ê²½ì°° & êµ°ë¶€ëŒ€ê°€ ë°”í‹°ì¹¸ ì‹œë¥¼ ìŠµê²©í•˜ê³  ì†Œì•„ì„±ì• ì ì¶”ê¸°ê²½ ì²´í¬ | UNnews ìœ ì—”ë‰´ìŠ¤ ìœ ì—”ì‹ ë¬¸\n', '{Breaking} Italian Police & Military Units Assault Vatican City and Arrest Pedophile Cardinal | UNnews UN News UN Newspaper\n', [('kor', 1.0)])"
41,"[(1614775405.0, 'fb')]",[],['Missing context.'],"('ì½”ë¡œë‚˜ëŠ” ê°ê¸°ìˆ˜ì¤€ë„ ì•ˆë¼. ë§ˆìŠ¤í¬ì•ˆì“°ê¸° ë° ììœ¨ ìš´ë™í•˜ì\n\n*í˜¸ì£¼ ì¸êµ¬ ì œì¼ ë§ì€  NSWì£¼ ì½”ë¡œë‚˜ì¢…ì‹ì„ ì–¸. í•œ ë‹¬ ì§¸ ë§ˆìŠ¤í¬ì•ˆì“°ê³  ì½”ë¡œë‚˜ê°ì—¼ 0,\n*ë¯¸êµ­ í…ì‚¬ìŠ¤ì£¼ í¬í•¨ 16ê°œì£¼ ë§ˆìŠ¤í¬ ììœ¨ì— ë§¡ê¹€.í„', ""Corona is not even at the level of a cold. Let's not wear a mask and exercise autonomously\n\n* NSW has the largest population in Australia. Corona infection 0 without wearing a mask for a month,\n* 16 states, including Texas, leave masks to autonomy."", [('kor', 1.0)])"
42,"[(1565199899.0, 'fb'), (1574096168.0, 'fb')]",[],['False information'],"('Soy un Oso Polar recien nacido y me estoy extinguiendo... pero como no soy un meme no me harÃ¡s viral...', ""I'm a newborn Polar Bear and I'm going extinct... but since I'm not a meme you won't make me viral..."", [('spa', 1.0)])"
43,"[(1520127049.0, 'fb')]",[],['False information'],"('Una vez mÃ¡s, mas naciones miran hacia otro lado, mientras un niÃ±o duerme al lado de las tumbas de sus padres muertos en Siria.\n\nLa indiferencia del mundo es cÃ³mplice de esta tragedia ğŸ˜¢', 'Once again, more nations look the other way, while a child sleeps next to the graves of his dead parents in Syria.\n\nThe indifference of the world is an accomplice to this tragedy ğŸ˜¢', [('spa', 1.0)])"
44,"[(1637174252.0, 'fb')]",[],['False information'],"('ë°±ì‹  ì ‘ì¢…ì„ í•˜ì§€ ì•Šì€ ì‚¬ëŒë“¤ì˜ ë¶ˆë²•ì ì¸ ë´‰ì‡„ì— ìµœëŒ€ì˜ í˜ìœ¼ë¡œ ì €í•­í•˜ë ¤ê³  ê¸¸ë¡œ ë‚˜ì˜¨ ì˜¤ìŠ¤íŠ¸ë¦¬ì•„ì¸.\n\nAustrians out in full force resisting and defying the illegal lockdown of non-vaxxinated people.', 'An Austrian who has gone out of his way to resist the illegal blockade of the unvaccinated with all his might.\n\nAustrians out in full force resisting and defying the illegal lockdown of non-vaxxinated people.', [('kor', 1.0)])"
45,"[(1638298215.0, 'ig')]","[('La ComisiÃ³n Europea pide que\nse feliciten las ""fiestas"" y no\n""la Navidad"" en nombre de la\ninclusiÃ³n\nEn un comunicado, la ComisiÃ³n de Igualdad seÃ±ala que hay', 'The European Commission asks that\ncongratulate the ""holidays"" and not\n""Christmas"" in the name of the\ninclusion\nIn a statement, the Equality Commission points out that there are', [('spa', 1.0)])]",[],"('Feliz Navidad a todos!ğŸ„ğŸ…ğŸ»\n\nY los polÃ­ticos que no festejan la Navidad que no se tomen vacaciones! ğŸ™ŠğŸ˜‚', ""Merry Christmas everyone!ğŸ„ğŸ…ğŸ»\n\nAnd politicians who don't celebrate Christmas shouldn't take vacations! ğŸ™ŠğŸ˜‚"", [('spa', 1.0)])"
46,"[(1657244401.0, 'fb')]",[],['Missing context'],"('Productora de vacunas Merck ha desistido de seguir desarrollando dos vacunas para el\ncoronavirus anunciando que es mÃ¡s efectivo la recuperaciÃ³n natural que la vacuna. #SeVieneMÃ¡s', 'Vaccine producer Merck has given up further development of two vaccines for the\ncoronavirus announcing that natural recovery is more effective than the vaccine. #SeComesMore', [('spa', 1.0)])"
